angle,distance,intensity
-134.65,inf,0
-134.474,inf,0
-134.298,inf,0
-134.122,inf,0
-133.946,inf,0
-133.77,inf,0
-133.594,inf,0
-133.418,inf,0
-133.242,inf,0
-133.066,0.118000001,74
-132.89,inf,0
-132.714,inf,0
-132.538,inf,0
-132.362,inf,0
-132.186,inf,0
-132.01,inf,0
-131.834,inf,0
-131.658,inf,0
-131.482,inf,0
-131.306,inf,0
-131.13,inf,0
-130.954,inf,0
-130.778,inf,0
-130.602,inf,0
-130.426,inf,0
-130.25,inf,0
-130.074,inf,0
-129.898,inf,0
-129.722,inf,0
-129.546,inf,0
-129.37,inf,0
-129.194,inf,0
-129.018,inf,0
-128.842,inf,0
-128.666,inf,0
-128.49,inf,0
-128.314,inf,0
-128.138,inf,0
-127.962,inf,0
-127.786,inf,0
-127.61,inf,0
-127.434,inf,0
-127.258,inf,0
-127.082,inf,0
-126.906,inf,0
-126.73,inf,0
-126.554,inf,0
-126.378,inf,0
-126.202,inf,0
-126.026,inf,0
-125.85,inf,0
-125.674,inf,0
-125.498,inf,0
-125.322,inf,0
-125.146,inf,0
-124.97,inf,0
-124.794,inf,0
-124.618,inf,0
-124.442,inf,0
-124.266,inf,0
-124.09,inf,0
-123.914,inf,0
-123.738,inf,0
-123.562,inf,0
-123.386,inf,0
-123.21,inf,0
-123.034,inf,0
-122.858,inf,0
-122.682,inf,0
-122.506,inf,0
-122.33,inf,0
-122.154,inf,0
-121.978,inf,0
-121.802,inf,0
-121.626,inf,0
-121.45,inf,0
-121.274,inf,0
-121.098,inf,0
-120.922,inf,0
-120.746,inf,0
-120.57,inf,0
-120.394,inf,0
-120.218,inf,0
-120.042,inf,0
-119.866,inf,0
-119.69,inf,0
-119.514,inf,0
-119.338,inf,0
-119.162,inf,0
-118.986,inf,0
-118.81,inf,0
-118.634,inf,0
-118.458,inf,0
-118.282,inf,0
-118.106,inf,0
-117.93,inf,0
-117.754,inf,0
-117.578,inf,0
-117.402,inf,0
-117.226,inf,0
-117.05,inf,0
-116.874,inf,0
-116.698,inf,0
-116.522,inf,0
-116.346,inf,0
-116.17,inf,0
-115.994,inf,0
-115.818,inf,0
-115.642,inf,0
-115.466,inf,0
-115.29,inf,0
-115.114,inf,0
-114.938,inf,0
-114.762,inf,0
-114.586,inf,0
-114.41,0.097999997,84
-114.234,0.097999997,84
-114.058,inf,0
-113.882,inf,0
-113.706,inf,0
-113.53,inf,0
-113.354,inf,0
-113.178,inf,0
-113.002,inf,0
-112.826,inf,0
-112.65,inf,0
-112.474,inf,0
-112.298,inf,0
-112.122,inf,0
-111.946,inf,0
-111.77,inf,0
-111.594,inf,0
-111.418,inf,0
-111.242,inf,0
-111.066,inf,0
-110.89,inf,0
-110.714,inf,0
-110.538,inf,0
-110.362,inf,0
-110.186,inf,0
-110.01,inf,0
-109.834,inf,0
-109.658,inf,0
-109.482,inf,0
-109.306,inf,0
-109.13,inf,0
-108.954,inf,0
-108.778,inf,0
-108.602,inf,0
-108.426,inf,0
-108.25,inf,0
-108.074,inf,0
-107.898,inf,0
-107.722,inf,0
-107.546,inf,0
-107.37,inf,0
-107.194,inf,0
-107.018,inf,0
-106.842,inf,0
-106.666,inf,0
-106.49,inf,0
-106.314,inf,0
-106.138,inf,0
-105.962,inf,0
-105.786,inf,0
-105.61,inf,0
-105.434,inf,0
-105.258,inf,0
-105.082,inf,0
-104.906,inf,0
-104.73,inf,0
-104.554,inf,0
-104.378,inf,0
-104.202,inf,0
-104.026,inf,0
-103.85,inf,0
-103.674,inf,0
-103.498,inf,0
-103.322,inf,0
-103.146,inf,0
-102.97,inf,0
-102.794,inf,0
-102.618,inf,0
-102.442,inf,0
-102.266,inf,0
-102.09,inf,0
-101.914,inf,0
-101.738,0.118000001,85
-101.562,0.115999997,86
-101.386,inf,0
-101.21,inf,0
-101.034,inf,0
-100.858,inf,0
-100.682,inf,0
-100.506,inf,0
-100.33,inf,0
-100.154,inf,0
-99.978,inf,0
-99.802,inf,0
-99.626,inf,0
-99.45,inf,0
-99.274,inf,0
-99.098,inf,0
-98.922,inf,0
-98.746,inf,0
-98.57,inf,0
-98.394,inf,0
-98.218,inf,0
-98.042,inf,0
-97.866,inf,0
-97.69,inf,0
-97.514,inf,0
-97.338,inf,0
-97.162,inf,0
-96.986,inf,0
-96.81,inf,0
-96.634,inf,0
-96.458,inf,0
-96.282,inf,0
-96.106,inf,0
-95.93,inf,0
-95.754,inf,0
-95.578,inf,0
-95.402,inf,0
-95.226,inf,0
-95.05,inf,0
-94.874,inf,0
-94.698,inf,0
-94.522,inf,0
-94.346,inf,0
-94.17,inf,0
-93.994,inf,0
-93.818,inf,0
-93.642,inf,0
-93.466,inf,0
-93.29,inf,0
-93.114,inf,0
-92.938,inf,0
-92.762,inf,0
-92.586,inf,0
-92.41,inf,0
-92.234,inf,0
-92.058,inf,0
-91.882,inf,0
-91.706,inf,0
-91.53,inf,0
-91.354,inf,0
-91.178,inf,0
-91.002,inf,0
-90.826,inf,0
-90.65,inf,0
-90.474,inf,0
-90.298,inf,0
-90.122,inf,0
-89.946,inf,0
-89.77,inf,0
-89.594,inf,0
-89.418,inf,0
-89.242,inf,0
-89.066,inf,0
-88.89,inf,0
-88.714,inf,0
-88.538,inf,0
-88.362,inf,0
-88.186,inf,0
-88.01,inf,0
-87.834,inf,0
-87.658,inf,0
-87.482,inf,0
-87.306,inf,0
-87.13,inf,0
-86.954,inf,0
-86.778,inf,0
-86.602,inf,0
-86.426,inf,0
-86.25,inf,0
-86.074,inf,0
-85.898,inf,0
-85.722,inf,0
-85.546,inf,0
-85.37,inf,0
-85.194,inf,0
-85.018,inf,0
-84.842,inf,0
-84.666,inf,0
-84.49,inf,0
-84.314,inf,0
-84.138,4.524000168,134
-83.962,4.53000021,135
-83.786,4.53000021,139
-83.61,4.544000149,134
-83.434,4.53399992,135
-83.258,4.527999878,123
-83.082,4.532000065,108
-82.906,4.550000191,103
-82.73,inf,0
-82.554,inf,0
-82.378,inf,0
-82.202,inf,0
-82.026,inf,0
-81.85,inf,0
-81.674,inf,0
-81.498,inf,0
-81.322,9.916000366,24
-81.146,9.711999893,29
-80.97,9.5,31
-80.794,9.288000107,33
-80.618,9.119999886,35
-80.442,8.92800045,34
-80.266,8.732000351,38
-80.09,8.592000008,39
-79.914,8.413999557,40
-79.738,8.286000252,40
-79.562,8.123999596,40
-79.386,7.973999977,41
-79.21,inf,0
-79.034,inf,0
-78.858,inf,0
-78.682,inf,0
-78.506,inf,0
-78.33,inf,0
-78.154,7.105999947,48
-77.978,6.978000164,51
-77.802,6.880000114,57
-77.626,6.881999969,62
-77.45,6.883999825,64
-77.274,6.883999825,65
-77.098,6.889999866,65
-76.922,6.903999805,65
-76.746,inf,0
-76.57,inf,0
-76.394,inf,0
-76.218,4.644000053,111
-76.042,4.65199995,81
-75.866,4.671999931,84
-75.69,4.664000034,84
-75.514,4.624000072,82
-75.338,4.56799984,82
-75.162,4.56400013,81
-74.986,4.565999985,84
-74.81,4.576000214,85
-74.634,4.56400013,84
-74.458,4.579999924,83
-74.282,4.576000214,83
-74.106,4.584000111,83
-73.93,4.585999966,83
-73.754,4.581999779,85
-73.578,4.59800005,83
-73.402,4.59800005,84
-73.226,4.592000008,85
-73.05,4.610000134,84
-72.874,4.618000031,83
-72.698,4.627999783,83
-72.522,4.613999844,85
-72.346,4.618000031,86
-72.17,4.631999969,84
-71.994,4.631999969,85
-71.818,4.627999783,84
-71.642,4.633999825,84
-71.466,4.650000095,84
-71.29,4.639999866,84
-71.114,4.631999969,80
-70.938,4.587999821,78
-70.762,4.538000107,75
-70.586,4.486000061,73
-70.41,4.449999809,73
-70.234,4.403999805,72
-70.058,4.381999969,72
-69.882,4.322000027,73
-69.706,4.296000004,76
-69.53,4.243999958,74
-69.354,4.21999979,75
-69.178,4.190000057,74
-69.002,4.15199995,75
-68.826,4.124000072,74
-68.65,4.09800005,75
-68.474,4.053999901,74
-68.298,4.021999836,76
-68.122,3.986000061,76
-67.946,3.960000038,75
-67.77,3.930000067,76
-67.594,3.910000086,75
-67.418,3.869999886,76
-67.242,3.855999947,76
-67.066,3.819999933,78
-66.89,3.788000107,77
-66.714,3.747999907,78
-66.538,3.732000113,76
-66.362,3.703999996,77
-66.186,3.676000118,77
-66.01,3.648000002,78
-65.834,3.628000021,78
-65.658,3.59800005,79
-65.482,3.589999914,79
-65.306,3.558000088,79
-65.13,3.548000097,79
-64.954,3.50999999,80
-64.778,3.497999907,79
-64.602,3.45600009,80
-64.426,3.440000057,80
-64.25,3.415999889,80
-64.074,3.400000095,80
-63.898,3.369999886,80
-63.722,3.345999956,80
-63.546,3.312000036,80
-63.37,3.298000097,81
-63.194,3.288000107,81
-63.018,3.266000032,81
-62.842,3.242000103,82
-62.666,3.230000019,81
-62.49,3.20600009,81
-62.314,3.197999954,81
-62.138,3.157999992,80
-61.962,3.144000053,82
-61.786,3.118000031,82
-61.61,3.115999937,82
-61.434,3.119999886,81
-61.258,3.082000017,81
-61.082,3.052000046,82
-60.906,3.036000013,82
-60.73,3.023999929,82
-60.554,3.002000093,83
-60.378,2.976000071,83
-60.202,2.982000113,83
-60.026,2.953999996,85
-59.85,2.944000006,84
-59.674,2.926000118,83
-59.498,2.907999992,83
-59.322,2.894000053,83
-59.146,2.871999979,84
-58.97,2.85800004,83
-58.794,2.84800005,82
-58.618,2.823999882,83
-58.442,2.823999882,85
-58.266,2.79399991,85
-58.09,2.776000023,84
-57.914,2.776000023,83
-57.738,2.762000084,84
-57.562,2.753999949,86
-57.386,2.730000019,85
-57.21,2.723999977,83
-57.034,2.707999945,85
-56.858,2.691999912,85
-56.682,2.670000076,85
-56.506,2.670000076,85
-56.33,2.661999941,85
-56.154,2.65199995,84
-55.978,2.644000053,84
-55.802,2.625999928,85
-55.626,2.604000092,86
-55.45,2.592000008,86
-55.274,2.575999975,84
-55.098,2.572000027,85
-54.922,2.562000036,86
-54.746,2.552000046,86
-54.57,2.529999971,86
-54.394,2.519999981,87
-54.218,2.513999939,86
-54.042,2.486000061,88
-53.866,2.492000103,86
-53.69,2.473999977,86
-53.514,2.476000071,86
-53.338,2.450000048,85
-53.162,2.467999935,86
-52.986,2.440000057,87
-52.81,2.431999922,88
-52.634,2.420000076,87
-52.458,2.405999899,87
-52.282,2.407999992,87
-52.106,2.385999918,87
-51.93,2.375999928,86
-51.754,2.384000063,87
-51.578,2.371999979,88
-51.402,2.355999947,88
-51.226,2.338000059,87
-51.05,2.329999924,86
-50.874,2.322000027,89
-50.698,2.319999933,88
-50.522,2.313999891,87
-50.346,2.309999943,88
-50.17,2.299999952,87
-49.994,2.267999887,88
-49.818,2.273999929,89
-49.642,2.263999939,89
-49.466,2.266000032,88
-49.29,2.242000103,88
-49.114,2.233999968,87
-48.938,2.226000071,88
-48.762,2.232000113,88
-48.586,2.211999893,89
-48.41,2.201999903,89
-48.234,2.207999945,88
-48.058,2.181999922,87
-47.882,2.167999983,88
-47.706,2.167999983,89
-47.53,2.157999992,88
-47.354,2.155999899,90
-47.178,2.14199996,89
-47.002,2.125999928,87
-46.826,2.125999928,88
-46.65,2.134000063,90
-46.474,2.130000114,89
-46.298,2.115999937,90
-46.122,2.114000082,91
-45.946,2.104000092,89
-45.77,2.088000059,89
-45.594,2.072000027,90
-45.418,2.073999882,90
-45.242,2.062000036,90
-45.066,2.059999943,89
-44.89,2.053999901,89
-44.714,2.049999952,90
-44.538,2.049999952,90
-44.362,2.04399991,89
-44.186,2.036000013,89
-44.01,2.022000074,90
-43.834,2.016000032,92
-43.658,2.016000032,91
-43.482,2.019999981,91
-43.306,2.00999999,92
-43.13,2.00999999,91
-42.954,2.002000093,91
-42.778,1.991999984,91
-42.602,1.981999993,91
-42.426,1.973999977,91
-42.25,1.981999993,93
-42.074,1.981999993,91
-41.898,1.972000003,91
-41.722,1.947999954,91
-41.546,1.94599998,92
-41.37,1.934000015,92
-41.194,1.953999996,91
-41.018,1.934000015,91
-40.842,1.937999964,92
-40.666,1.940000057,93
-40.49,1.911999941,93
-40.314,1.911999941,91
-40.138,1.907999992,93
-39.962,1.906000018,92
-39.786,1.898000002,94
-39.61,1.904000044,94
-39.434,1.886000037,92
-39.258,1.883999944,93
-39.082,1.873999953,93
-38.906,1.870000005,94
-38.73,1.85800004,92
-38.554,1.868000031,94
-38.378,1.855999947,92
-38.202,1.85800004,94
-38.026,1.84800005,94
-37.85,1.832000017,93
-37.674,1.845999956,93
-37.498,1.830000043,95
-37.322,1.843999982,94
-37.146,1.833999991,94
-36.97,1.817999959,94
-36.794,1.822000027,94
-36.618,1.807999969,94
-36.442,1.807999969,95
-36.266,1.817999959,96
-36.09,1.805999994,94
-35.914,1.805999994,94
-35.738,1.802000046,94
-35.562,1.79400003,95
-35.386,1.789999962,95
-35.21,1.781999946,95
-35.034,1.784000039,94
-34.858,1.786000013,94
-34.682,1.781999946,94
-34.506,1.766000032,94
-34.33,1.769999981,95
-34.154,1.758000016,94
-33.978,1.751999974,95
-33.802,1.75999999,95
-33.626,1.74000001,95
-33.45,1.75,96
-33.274,1.730000019,95
-33.098,1.74000001,96
-32.922,1.738000035,94
-32.746,1.718000054,95
-32.57,1.730000019,97
-32.394,1.735999942,97
-32.218,1.718000054,94
-32.042,1.718000054,95
-31.866,1.718000054,97
-31.69,1.70599997,95
-31.514,1.702000022,96
-31.338,1.710000038,96
-31.162,1.707999945,96
-30.986,1.687999964,97
-30.81,1.690000057,95
-30.634,1.690000057,97
-30.458,1.700000048,95
-30.282,1.694000006,96
-30.106,1.675999999,97
-29.93,1.679999948,96
-29.754,1.659999967,95
-29.578,1.664000034,96
-29.402,1.677999973,96
-29.226,1.664000034,94
-29.05,1.654000044,97
-28.874,1.666000009,95
-28.698,1.654000044,96
-28.522,1.654000044,95
-28.346,1.648000002,97
-28.17,1.654000044,96
-27.994,1.649999976,95
-27.818,1.649999976,95
-27.642,1.64199996,96
-27.466,1.644000053,96
-27.29,1.626000047,99
-27.114,1.628000021,96
-26.938,1.633999944,98
-26.762,1.629999995,97
-26.586,1.638000011,97
-26.41,1.631999969,97
-26.234,1.620000005,97
-26.058,1.620000005,98
-25.882,1.618000031,97
-25.706,1.601999998,98
-25.53,1.601999998,97
-25.354,1.616000056,97
-25.178,1.613999963,96
-25.002,1.600000024,97
-24.826,1.601999998,97
-24.65,1.601999998,97
-24.474,1.600000024,96
-24.298,1.603999972,97
-24.122,1.585999966,96
-23.946,1.580000043,99
-23.77,1.592000008,98
-23.594,1.583999991,97
-23.418,1.580000043,98
-23.242,1.572000027,99
-23.066,1.572000027,98
-22.89,1.570000052,98
-22.714,1.570000052,98
-22.538,1.580000043,96
-22.362,1.565999985,97
-22.186,1.565999985,97
-22.01,1.56400001,97
-21.834,1.565999985,98
-21.658,1.549999952,97
-21.482,1.549999952,98
-21.306,1.555999994,97
-21.13,1.552000046,98
-20.954,1.54400003,96
-20.778,1.54400003,97
-20.602,1.549999952,97
-20.426,1.542000055,96
-20.25,1.546000004,99
-20.074,1.54400003,99
-19.898,1.536000013,98
-19.722,1.542000055,99
-19.546,1.546000004,100
-19.37,1.542000055,97
-19.194,1.534000039,98
-19.018,1.546000004,99
-18.842,1.546000004,98
-18.666,1.534000039,98
-18.49,1.521999955,97
-18.314,1.524000049,100
-18.138,1.519999981,98
-17.962,1.519999981,97
-17.786,1.521999955,97
-17.61,1.511999965,98
-17.434,1.527999997,97
-17.258,1.516000032,97
-17.082,1.508000016,97
-16.906,1.521999955,99
-16.73,1.524000049,99
-16.554,1.508000016,99
-16.378,1.514000058,98
-16.202,1.514000058,97
-16.026,1.508000016,99
-15.85,1.506000042,98
-15.674,1.493999958,99
-15.498,1.49000001,97
-15.322,1.514000058,99
-15.146,1.508000016,99
-14.97,1.493999958,99
-14.794,1.493999958,97
-14.618,1.496000051,98
-14.442,1.488000035,98
-14.266,1.493999958,99
-14.09,1.493999958,98
-13.914,1.488000035,98
-13.738,1.488000035,99
-13.562,1.493999958,96
-13.386,1.488000035,98
-13.21,1.485999942,98
-13.034,1.478000045,99
-12.858,1.493999958,99
-12.682,1.493999958,98
-12.506,1.478000045,99
-12.33,1.483999968,97
-12.154,1.478000045,98
-11.978,1.483999968,98
-11.802,1.473999977,98
-11.626,1.473999977,98
-11.45,1.465999961,99
-11.274,1.472000003,99
-11.098,1.478000045,98
-10.922,1.463999987,98
-10.746,1.463999987,98
-10.57,1.463999987,98
-10.394,1.463999987,98
-10.218,1.463999987,98
-10.042,1.478000045,98
-9.866,1.463999987,97
-9.69,1.465999961,97
-9.514,1.463999987,97
-9.338,1.457999945,99
-9.162,1.472000003,98
-8.986,1.463999987,98
-8.81,1.45599997,98
-8.634,1.463999987,97
-8.458,1.465999961,99
-8.282,1.45599997,99
-8.106,1.450000048,98
-7.93,1.457999945,97
-7.754,1.457999945,99
-7.578,1.450000048,100
-7.402,1.457999945,97
-7.226,1.457999945,98
-7.05,1.444000006,100
-6.874,1.457999945,98
-6.698,1.452000022,99
-6.522,1.468000054,97
-6.346,1.453999996,97
-6.17,1.450000048,98
-5.994,1.457999945,98
-5.818,1.450000048,97
-5.642,1.444000006,98
-5.466,1.450000048,98
-5.29,1.452000022,97
-5.114,1.457999945,98
-4.938,1.450000048,97
-4.762,1.452000022,98
-4.586,1.457999945,99
-4.41,1.452000022,97
-4.234,1.444000006,98
-4.058,1.457999945,98
-3.882,1.450000048,99
-3.706,1.450000048,98
-3.53,1.457999945,98
-3.354,1.450000048,97
-3.178,1.450000048,98
-3.002,1.45599997,98
-2.826,1.44599998,97
-2.65,1.44599998,99
-2.474,1.447999954,98
-2.298,1.43599999,98
-2.122,1.434000015,99
-1.946,1.44599998,98
-1.77,1.444000006,98
-1.594,1.452000022,97
-1.418,1.44599998,98
-1.242,1.444000006,99
-1.066,1.419999957,98
-0.89,1.452000022,100
-0.714,1.450000048,98
-0.538,1.429999948,98
-0.362,1.427999973,97
-0.186,1.434000015,97
-0.01,1.444000006,98
0.166,1.444000006,98
0.342,1.457999945,98
0.518,1.427999973,98
0.694,1.43599999,101
0.87,1.44599998,98
1.046,1.444000006,98
1.222,1.444000006,98
1.398,1.43599999,100
1.574,1.434000015,99
1.75,1.444000006,98
1.926,1.460000038,99
2.102,1.43599999,98
2.278,1.434000015,97
2.454,1.429999948,97
2.63,1.447999954,98
2.806,1.442000031,98
2.982,1.450000048,98
3.158,1.427999973,98
3.334,1.450000048,99
3.51,1.444000006,99
3.686,1.44599998,98
3.862,1.453999996,99
4.038,1.444000006,99
4.214,1.442000031,98
4.39,1.44599998,99
4.566,1.44599998,97
4.742,1.444000006,97
4.918,1.457999945,98
5.094,1.44599998,98
5.27,1.450000048,98
5.446,1.452000022,97
5.622,1.450000048,99
5.798,1.450000048,98
5.974,1.444000006,99
6.15,1.450000048,98
6.326,1.444000006,99
6.502,1.452000022,99
6.678,1.457999945,98
6.854,1.437999964,99
7.03,1.465999961,98
7.206,1.442000031,101
7.382,1.457999945,99
7.558,1.460000038,98
7.734,1.460000038,98
7.91,1.463999987,98
8.086,1.457999945,98
8.262,1.450000048,97
8.438,1.450000048,99
8.614,1.457999945,98
8.79,1.457999945,99
8.966,1.460000038,98
9.142,1.460000038,98
9.318,1.444000006,98
9.494,1.453999996,100
9.67,1.460000038,97
9.846,1.450000048,97
10.022,1.463999987,98
10.198,1.450000048,98
10.374,1.460000038,98
10.55,1.463999987,99
10.726,1.463999987,98
10.902,1.463999987,98
11.078,1.462000012,100
11.254,1.457999945,98
11.43,1.463999987,99
11.606,1.472000003,100
11.782,1.473999977,100
11.958,1.465999961,98
12.134,1.462000012,97
12.31,1.472000003,99
12.486,1.485999942,98
12.662,1.472000003,99
12.838,1.480000019,99
13.014,1.475999951,98
13.19,1.478000045,97
13.366,1.465999961,96
13.542,1.488000035,98
13.718,1.472000003,99
13.894,1.480000019,99
14.07,1.488000035,98
14.246,1.488000035,99
14.422,1.49000001,99
14.598,1.49000001,99
14.774,1.485999942,98
14.95,1.485999942,98
15.126,1.485999942,99
15.302,1.491999984,98
15.478,1.481999993,97
15.654,1.49000001,99
15.83,1.496000051,97
16.006,1.503999949,98
16.182,1.493999958,98
16.358,1.50999999,98
16.534,1.50999999,101
16.71,1.488000035,98
16.886,1.496000051,98
17.062,1.508000016,98
17.238,1.50999999,98
17.414,1.493999958,100
17.59,1.508000016,99
17.766,1.511999965,98
17.942,1.516000032,100
18.118,1.514000058,97
18.294,1.516000032,99
18.47,1.508000016,97
18.646,1.514000058,100
18.822,1.524000049,99
18.998,1.516000032,97
19.174,1.508000016,98
19.35,1.521999955,98
19.526,1.524000049,98
19.702,1.516000032,98
19.878,1.527999997,99
20.054,1.527999997,99
20.23,1.537999988,98
20.406,1.537999988,97
20.582,1.521999955,98
20.758,1.521999955,98
20.934,1.54400003,98
21.11,1.546000004,98
21.286,1.537999988,97
21.462,1.527999997,99
21.638,1.546000004,98
21.814,1.54400003,98
21.99,1.54400003,98
22.166,1.539999962,99
22.342,1.54400003,97
22.518,1.54400003,99
22.694,1.549999952,98
22.87,1.565999985,99
23.046,1.54400003,98
23.222,1.56400001,98
23.398,1.56400001,98
23.574,1.56400001,96
23.75,1.570000052,97
23.926,1.570000052,100
24.102,1.567999959,99
24.278,1.570000052,98
24.454,1.570000052,98
24.63,1.575999975,96
24.806,1.575999975,97
24.982,1.577999949,97
25.158,1.575999975,98
25.334,1.588000059,96
25.51,1.583999991,99
25.686,1.59800005,98
25.862,1.592000008,97
26.038,1.593999982,98
26.214,1.600000024,98
26.39,1.595999956,97
26.566,1.600000024,97
26.742,1.605999947,97
26.918,1.60800004,97
27.094,1.613999963,98
27.27,1.611999989,98
27.446,1.605999947,97
27.622,1.603999972,97
27.798,1.620000005,98
27.974,1.620000005,96
28.15,1.618000031,98
28.326,1.633999944,98
28.502,1.620000005,97
28.678,1.628000021,97
28.854,1.618000031,98
29.03,1.638000011,96
29.206,1.648000002,96
29.382,1.631999969,96
29.558,1.646000028,96
29.734,1.648000002,98
29.91,1.654000044,96
30.086,1.656000018,97
30.262,1.661999941,97
30.438,1.654000044,96
30.614,1.664000034,96
30.79,1.654000044,96
30.966,1.675999999,95
31.142,1.667999983,97
31.318,1.677999973,98
31.494,1.661999941,96
31.67,1.675999999,96
31.846,1.684000015,96
32.022,1.694000006,95
32.198,1.679999948,97
32.374,1.69599998,97
32.55,1.694000006,96
32.726,1.703999996,96
32.902,1.692000031,96
33.078,1.707999945,95
33.254,1.703999996,96
33.43,1.713999987,96
33.606,1.715999961,96
33.782,1.720000029,95
33.958,1.720000029,95
34.134,1.712000012,95
34.31,1.720000029,95
34.486,1.735999942,95
34.662,1.738000035,95
34.838,1.733999968,96
35.014,1.741999984,96
35.19,1.74000001,97
35.366,1.741999984,96
35.542,1.748000026,95
35.718,1.74000001,96
35.894,1.769999981,96
36.07,1.771999955,98
36.246,1.776000023,95
36.422,1.776000023,95
36.598,1.769999981,95
36.774,1.786000013,95
36.95,1.789999962,95
37.126,1.787999988,94
37.302,1.789999962,98
37.478,1.797999978,96
37.654,1.797999978,95
37.83,1.80400002,95
38.006,1.809999943,95
38.182,1.820000052,93
38.358,1.827999949,94
38.534,1.81400001,95
38.71,1.825999975,95
38.886,1.830000043,94
39.062,1.835999966,95
39.238,1.84800005,96
39.414,1.845999956,95
39.59,1.861999989,95
39.766,1.840000033,94
39.942,1.861999989,96
40.118,1.868000031,95
40.294,1.868000031,97
40.47,1.876000047,95
40.646,1.881999969,95
40.822,1.888000011,95
40.998,1.89199996,96
41.174,1.89199996,96
41.35,1.90199995,94
41.526,1.90199995,97
41.702,1.911999941,95
41.878,1.922000051,95
42.054,1.917999983,94
42.23,1.924000025,94
42.406,1.934000015,94
42.582,1.932000041,96
42.758,1.94599998,94
42.934,1.940000057,94
43.11,1.94599998,95
43.286,1.953999996,93
43.462,1.970000029,95
43.638,1.965999961,94
43.814,1.975999951,94
43.99,1.972000003,94
44.166,1.978000045,94
44.342,1.996000051,93
44.518,1.998000026,94
44.694,1.998000026,93
44.87,2.00999999,96
45.046,2.017999887,93
45.222,2.017999887,93
45.398,2.012000084,94
45.574,2.03399992,94
45.75,2.019999981,94
45.926,2.04399991,94
46.102,2.062000036,93
46.278,2.073999882,94
46.454,2.075999975,93
46.63,2.058000088,94
46.806,2.082000017,94
46.982,2.075999975,95
47.158,2.082000017,95
47.334,2.095999956,95
47.51,2.109999895,92
47.686,2.101999998,94
47.862,2.114000082,92
48.038,2.119999886,94
48.214,2.119999886,93
48.39,2.138000011,94
48.566,2.134000063,92
48.742,2.138000011,92
48.918,2.165999889,93
49.094,2.164000034,93
49.27,2.165999889,92
49.446,2.194000006,93
49.622,2.180000067,92
49.798,2.211999893,92
49.974,2.196000099,93
50.15,2.200000048,92
50.326,2.221999884,94
50.502,2.230000019,93
50.678,2.226000071,93
50.854,2.252000093,93
51.03,2.242000103,94
51.206,2.257999897,92
51.382,2.279999971,92
51.558,2.272000074,92
51.734,2.278000116,93
51.91,2.305999994,91
52.086,2.308000088,92
52.262,2.325999975,92
52.438,2.328000069,91
52.614,2.328000069,91
52.79,2.332000017,92
52.966,2.354000092,90
53.142,2.359999895,90
53.318,2.368000031,91
53.494,2.384000063,88
53.67,2.381999969,90
53.846,2.395999908,91
54.022,2.410000086,90
54.198,2.414000034,90
54.374,2.421999931,90
54.55,2.440000057,90
54.726,2.447999954,91
54.902,2.470000029,91
55.078,2.467999935,89
55.254,2.473999977,90
55.43,2.5,91
55.606,2.503999949,91
55.782,2.522000074,90
55.958,2.546000004,90
56.134,2.549999952,89
56.31,2.549999952,89
56.486,2.565999985,90
56.662,2.569999933,88
56.838,2.568000078,88
57.014,2.585999966,89
57.19,2.60800004,89
57.366,2.621999979,90
57.542,2.638000011,87
57.718,2.654000044,89
57.894,2.664000034,89
58.07,2.665999889,86
58.246,2.680000067,86
58.422,2.701999903,87
58.598,2.696000099,88
58.774,2.732000113,86
58.95,2.730000019,88
59.126,2.75,88
59.302,2.753999949,86
59.478,2.767999887,87
59.654,2.778000116,87
59.83,2.812000036,88
60.006,2.819999933,87
60.182,2.823999882,87
60.358,2.845999956,87
60.534,2.864000082,86
60.71,2.864000082,86
60.886,2.898000002,86
61.062,2.911999941,85
61.238,2.915999889,86
61.414,2.944000006,88
61.59,2.951999903,85
61.766,2.95600009,85
61.942,2.980000019,84
62.118,3.00999999,85
62.294,3.016000032,85
62.47,3.029999971,84
62.646,3.059999943,86
62.822,3.078000069,85
62.998,3.088000059,84
63.174,3.114000082,84
63.35,3.130000114,84
63.526,3.14199996,83
63.702,3.176000118,83
63.878,3.181999922,83
64.054,3.201999903,84
64.23,3.217999935,84
64.406,3.247999907,83
64.582,3.278000116,83
64.758,3.266000032,83
64.934,3.296000004,82
65.11,3.325999975,81
65.286,3.338000059,83
65.462,3.354000092,83
65.638,3.394000053,81
65.814,3.415999889,81
65.99,3.436000109,80
66.166,3.450000048,82
66.342,3.473999977,82
66.518,3.483999968,80
66.694,3.522000074,80
66.87,3.539999962,81
67.046,3.568000078,79
67.222,3.604000092,79
67.398,3.614000082,79
67.574,3.645999908,80
67.75,3.671999931,78
67.926,3.697999954,78
68.102,3.723999977,79
68.278,3.746000051,78
68.454,3.78399992,77
68.63,3.792000055,78
68.806,3.839999914,76
68.982,3.869999886,76
69.158,3.900000095,76
69.334,3.927999973,76
69.51,3.970000029,76
69.686,3.987999916,74
69.862,4.018000126,75
70.038,4.059999943,74
70.214,4.065999985,75
70.39,inf,0
70.566,inf,0
70.742,inf,0
70.918,inf,0
71.094,6.400000095,64
71.27,6.409999847,74
71.446,6.406000137,75
71.622,6.388000011,74
71.798,6.380000114,72
71.974,6.375999928,74
72.15,6.389999866,74
72.326,6.369999886,75
72.502,6.355999947,74
72.678,6.369999886,73
72.854,6.357999802,75
73.03,6.340000153,74
73.206,6.337999821,74
73.382,6.337999821,72
73.558,6.320000172,74
73.734,6.323999882,75
73.91,6.322000027,75
74.086,6.297999859,74
74.262,6.302000046,74
74.438,6.302000046,73
74.614,6.291999817,76
74.79,6.28000021,75
74.966,6.28399992,76
75.142,6.277999878,73
75.318,6.271999836,75
75.494,6.262000084,74
75.67,6.263999939,74
75.846,6.230000019,74
76.022,6.245999813,75
76.198,6.245999813,73
76.374,6.237999916,75
76.55,6.230000019,74
76.726,6.231999874,74
76.902,6.21600008,74
77.078,6.21999979,74
77.254,6.222000122,73
77.43,6.197999954,69
77.606,6.217999935,64
77.782,6.306000233,61
77.958,6.394000053,59
78.134,6.486000061,58
78.31,6.578000069,58
78.486,6.676000118,58
78.662,6.762000084,58
78.838,6.872000217,57
79.014,6.972000122,56
79.19,7.076000214,57
79.366,7.177999973,55
79.542,7.289999962,56
79.718,7.40199995,54
79.894,7.53000021,54
80.07,7.653999805,54
80.246,7.788000107,54
80.422,7.900000095,54
80.598,8.026000023,52
80.774,8.184000015,53
80.95,8.312000275,52
81.126,8.446000099,51
81.302,8.607999802,50
81.478,8.776000023,48
81.654,8.930000305,45
81.83,9.07199955,45
82.006,9.065999985,46
82.182,8.81400013,44
82.358,inf,0
82.534,inf,0
82.71,inf,0
82.886,inf,0
83.062,inf,0
83.238,inf,0
83.414,inf,0
83.59,11.34599972,30
83.766,11.58199978,32
83.942,11.92399979,28
84.118,12.22399998,22
84.294,12.66600037,35
84.47,13.00399971,49
84.646,13.20600033,50
84.822,13.25399971,55
84.998,13.26599979,56
85.174,13.25800037,56
85.35,13.26599979,56
85.526,13.29399967,56
85.702,13.34000015,55
85.878,13.35999966,54
86.054,13.33199978,50
86.23,inf,0
86.406,inf,0
86.582,inf,0
86.758,inf,0
86.934,inf,0
87.11,inf,0
87.286,inf,0
87.462,inf,0
87.638,13.51000023,0
87.814,13.40200043,0
87.99,13.38199997,0
88.166,13.34599972,0
88.342,13.36200047,0
88.518,13.35999966,15
88.694,13.34599972,29
88.87,13.3380003,43
89.046,13.31599998,56
89.222,13.31400013,58
89.398,13.31400013,58
89.574,13.3039999,59
89.75,13.31400013,58
89.926,13.31799984,47
90.102,13.32999992,27
90.278,13.34200001,44
90.454,13.35000038,63
90.63,13.37199974,74
90.806,13.36999989,132
90.982,inf,0
91.158,inf,0
91.334,11.2159996,164
91.51,11.21800041,103
91.686,inf,0
91.862,inf,0
92.038,9.333999634,0
92.214,9.137999535,0
92.39,8.979999542,0
92.566,9.013999939,0
92.742,8.876000404,0
92.918,inf,0
93.094,inf,0
93.27,inf,0
93.446,inf,0
93.622,9.371999741,63
93.798,9.324000359,62
93.974,9.166000366,59
94.15,9.005999565,40
94.326,8.970000267,39
94.502,8.925999641,38
94.678,8.918000221,40
94.854,8.907999992,44
95.03,8.904000282,48
95.206,8.894000053,51
95.382,8.873999596,50
95.558,8.845999718,44
95.734,inf,0
95.91,inf,0
96.086,inf,0
96.262,inf,0
96.438,inf,0
96.614,inf,0
96.79,inf,0
96.966,inf,0
97.142,inf,0
97.318,inf,0
97.494,inf,0
97.67,inf,0
97.846,8.61400032,41
98.022,8.592000008,45
98.198,inf,0
98.374,inf,0
98.55,inf,0
98.726,inf,0
98.902,inf,0
99.078,8.802000046,26
99.254,8.776000023,30
99.43,8.776000023,27
99.606,8.736000061,29
99.782,8.694000244,35
99.958,8.661999702,36
100.134,8.673999786,39
100.31,8.718000412,33
100.486,inf,0
100.662,inf,0
100.838,inf,0
101.014,inf,0
101.19,inf,0
101.366,9.538000107,64
101.542,9.550000191,63
101.718,9.548000336,63
101.894,9.56000042,60
102.07,9.555999756,57
102.246,9.576000214,60
102.422,9.588000298,62
102.598,9.597999573,61
102.774,9.600000381,61
102.95,9.600000381,61
103.126,9.597999573,61
103.302,9.619999886,62
103.478,9.616000175,62
103.654,9.633999825,61
103.83,9.628000259,60
104.006,9.647999763,61
104.182,9.652000427,61
104.358,9.654000282,61
104.534,9.666000366,61
104.71,9.663999557,61
104.886,9.68200016,59
105.062,9.68200016,60
105.238,9.684000015,60
105.414,9.711999893,60
105.59,9.708000183,60
105.766,9.711999893,60
105.942,9.727999687,60
106.118,9.741999626,60
106.294,9.729999542,61
106.47,9.755999565,60
106.646,9.755999565,60
106.822,9.762000084,60
106.998,9.763999939,60
107.174,9.795999527,61
107.35,9.789999962,60
107.526,9.798000336,61
107.702,9.807999611,61
107.878,9.824000359,61
108.054,9.826000214,59
108.23,9.831999779,59
108.406,9.845999718,59
108.582,9.855999947,60
108.758,9.855999947,60
108.934,9.881999969,60
109.11,9.878000259,59
109.286,9.899999619,61
109.462,9.911999702,62
109.638,9.911999702,60
109.814,9.920000076,60
109.99,9.93200016,59
110.166,9.934000015,60
110.342,9.944000244,58
110.518,9.968000412,60
110.694,9.965999603,59
110.87,9.973999977,59
111.046,9.994000435,58
111.222,10.00399971,59
111.398,10.02200031,59
111.574,10.03999996,59
111.75,10.04199982,58
111.926,10.05799961,59
112.102,10.06000042,60
112.278,10.07999992,59
112.454,10.09599972,60
112.63,10.1079998,60
112.806,10.11200047,59
112.982,10.13399982,58
113.158,10.1420002,56
113.334,10.13399982,54
113.51,10.05799961,43
113.686,9.934000015,39
113.862,9.871999741,38
114.038,9.82199955,40
114.214,9.798000336,40
114.39,9.795999527,34
114.566,9.866000175,29
114.742,10.21199989,31
114.918,10.25599957,43
115.094,10.28199959,53
115.27,10.29199982,57
115.446,10.31200027,57
115.622,10.32400036,56
115.798,10.33199978,55
115.974,10.36999989,56
116.15,10.36999989,56
116.326,10.38199997,56
116.502,10.4119997,56
116.678,10.42199993,55
116.854,10.42399979,56
117.03,10.4460001,56
117.206,10.47200012,55
117.382,10.47200012,52
117.558,10.47599983,38
117.734,inf,0
117.91,inf,0
118.086,inf,0
118.262,inf,0
118.438,4.323999882,59
118.614,4.323999882,70
118.79,4.285999775,71
118.966,4.269999981,70
119.142,4.254000187,71
119.318,4.223999977,69
119.494,4.203999996,71
119.67,4.165999889,70
119.846,4.164000034,72
120.022,4.15199995,71
120.198,4.113999844,71
120.374,4.087999821,71
120.55,4.061999798,69
120.726,4.047999859,71
120.902,4.026000023,70
121.078,4.010000229,72
121.254,3.992000103,72
121.43,3.971999884,71
121.606,3.947999954,71
121.782,3.934000015,72
121.958,3.898000002,71
122.134,3.89199996,71
122.31,3.875999928,72
122.486,3.845999956,72
122.662,3.84800005,72
122.838,3.802000046,72
123.014,3.798000097,74
123.19,3.776000023,72
123.366,3.779999971,72
123.542,3.747999907,73
123.718,3.71600008,73
123.894,3.711999893,74
124.07,3.687999964,73
124.246,3.654000044,72
124.422,3.640000105,72
124.598,3.644000053,74
124.774,3.615999937,73
124.95,3.60800004,74
125.126,3.589999914,73
125.302,3.563999891,74
125.478,3.559999943,73
125.654,3.549999952,74
125.83,3.522000074,74
126.006,3.516000032,75
126.182,3.497999907,75
126.358,3.480000019,75
126.534,3.463999987,76
126.71,3.460000038,75
126.886,3.426000118,75
127.062,3.411999941,76
127.238,3.410000086,76
127.414,3.39199996,75
127.59,3.385999918,76
127.766,3.368000031,78
127.942,3.354000092,77
128.118,3.342000008,78
128.294,3.318000078,78
128.47,3.315999985,77
128.646,3.296000004,79
128.822,3.288000107,78
128.998,3.278000116,78
129.174,3.246000051,77
129.35,3.237999916,76
129.526,3.233999968,75
129.702,3.217999935,74
129.878,3.20600009,75
130.054,3.184000015,76
130.23,3.177999973,80
130.406,3.174000025,81
130.582,3.165999889,82
130.758,3.15199995,82
130.934,3.144000053,82
131.11,3.135999918,82
131.286,3.118000031,82
131.462,3.104000092,82
131.638,3.105999947,83
131.814,3.089999914,83
131.99,3.084000111,82
132.166,3.073999882,82
132.342,3.059999943,82
132.518,3.058000088,83
132.694,3.04399991,82
132.87,3.029999971,83
133.046,3.026000023,83
133.222,3.006000042,83
133.398,3.003999949,83
133.574,2.980000019,83
133.75,2.977999926,84
133.926,2.961999893,83
134.102,2.951999903,84
134.278,2.951999903,84
134.454,2.944000006,84
134.63,2.921999931,84
